date,pre,hum,tem,occ
2019-09-25 12:10:00,95247.08,54.66,27.65,L
2019-10-01 11:35:00,95364.38,56.5,28.43,M
2019-09-24 19:15:00,94915.08,56.95,29.35,H
2019-09-18 19:20:00,95002.44,56.18,27.81,M
2019-09-23 17:35:00,95235.95,52.24,27.91,H
2019-09-24 19:05:00,94911.63,56.94,29.11,H
2019-09-24 19:20:00,94919.33,56.48,29.68,H
2019-09-23 17:40:00,95242.36,54.2,26.95,H
2019-10-01 11:40:00,95366.19,56.0,28.55,M
